{
  "id": "/subscriptions/709ce7a8-8672-49d0-8940-4c4ae68c7bd8/resourceGroups/RG-ABHI-U-CI-VM/providers/Microsoft.Resources/deployments/CreateVm-canonical.0001-com-ubuntu-pro-xenial-pro-20210322095547",
  "name": "CreateVm-canonical.0001-com-ubuntu-pro-xenial-pro-20210322095547",
  "type": "Microsoft.Resources/deployments",
  "tags": {
    "primaryResourceId": "/subscriptions/709ce7a8-8672-49d0-8940-4c4ae68c7bd8/resourcegroups/RG-ABHI-U-CI-VM/providers/Microsoft.Compute/virtualMachines/ABHIAZCIUAPP61",
    "marketplaceItemId": "Microsoft.VirtualMachine",
    "provisioningHash": "SolutionProvider"
  },
  "properties": {
    "templateHash": "8982005738155345466",
    "parameters": {
      "location": {
        "type": "String",
        "value": "centralindia"
      },
      "networkInterfaceName": {
        "type": "String",
        "value": "abhiazciuapp61792"
      },
      "networkSecurityGroupName": {
        "type": "String",
        "value": "ABHIAZCIUAPP61-nsg"
      },
      "networkSecurityGroupRules": {
        "type": "Array",
        "value": [
          {
            "name": "SSH",
            "properties": {
              "priority": 300,
              "protocol": "TCP",
              "access": "Allow",
              "direction": "Inbound",
              "sourceAddressPrefix": "*",
              "sourcePortRange": "*",
              "destinationAddressPrefix": "*",
              "destinationPortRange": "22"
            }
          }
        ]
      },
      "subnetName": {
        "type": "String",
        "value": "SNET-ABHI-U-App"
      },
      "virtualNetworkId": {
        "type": "String",
        "value": "/subscriptions/709ce7a8-8672-49d0-8940-4c4ae68c7bd8/resourceGroups/RG-ABHI-U-CI-NW/providers/Microsoft.Network/virtualNetworks/VNET-ABHI-U-CI"
      },
      "virtualMachineName": {
        "type": "String",
        "value": "ABHIAZCIUAPP61"
      },
      "virtualMachineComputerName": {
        "type": "String",
        "value": "ABHIAZCIUAPP61"
      },
      "virtualMachineRG": {
        "type": "String",
        "value": "RG-ABHI-U-CI-VM"
      },
      "osDiskType": {
        "type": "String",
        "value": "Premium_LRS"
      },
      "virtualMachineSize": {
        "type": "String",
        "value": "Standard_B2s"
      },
      "adminUsername": {
        "type": "String",
        "value": "testuser"
      },
      "adminPassword": {
        "type": "SecureString"
      }
    },
    "mode": "Incremental",
    "debugSetting": {
      "detailLevel": "None"
    },
    "provisioningState": "Running",
    "timestamp": "2021-03-22T04:34:06.8479128Z",
    "duration": "PT1.9438021S",
    "correlationId": "bdc1aa5c-bba5-47b7-9f54-4f72137cc3aa",
    "providers": [
      {
        "namespace": "Microsoft.Network",
        "resourceTypes": [
          {
            "resourceType": "networkInterfaces",
            "locations": [
              "centralindia"
            ]
          },
          {
            "resourceType": "networkSecurityGroups",
            "locations": [
              "centralindia"
            ]
          }
        ]
      },
      {
        "namespace": "Microsoft.Compute",
        "resourceTypes": [
          {
            "resourceType": "virtualMachines",
            "locations": [
              "centralindia"
            ]
          }
        ]
      }
    ],
    "dependencies": [
      {
        "dependsOn": [
          {
            "id": "/subscriptions/709ce7a8-8672-49d0-8940-4c4ae68c7bd8/resourceGroups/RG-ABHI-U-CI-VM/providers/Microsoft.Network/networkSecurityGroups/ABHIAZCIUAPP61-nsg",
            "resourceType": "Microsoft.Network/networkSecurityGroups",
            "resourceName": "ABHIAZCIUAPP61-nsg"
          }
        ],
        "id": "/subscriptions/709ce7a8-8672-49d0-8940-4c4ae68c7bd8/resourceGroups/RG-ABHI-U-CI-VM/providers/Microsoft.Network/networkInterfaces/abhiazciuapp61792",
        "resourceType": "Microsoft.Network/networkInterfaces",
        "resourceName": "abhiazciuapp61792"
      },
      {
        "dependsOn": [
          {
            "id": "/subscriptions/709ce7a8-8672-49d0-8940-4c4ae68c7bd8/resourceGroups/RG-ABHI-U-CI-VM/providers/Microsoft.Network/networkInterfaces/abhiazciuapp61792",
            "resourceType": "Microsoft.Network/networkInterfaces",
            "resourceName": "abhiazciuapp61792"
          }
        ],
        "id": "/subscriptions/709ce7a8-8672-49d0-8940-4c4ae68c7bd8/resourceGroups/RG-ABHI-U-CI-VM/providers/Microsoft.Compute/virtualMachines/ABHIAZCIUAPP61",
        "resourceType": "Microsoft.Compute/virtualMachines",
        "resourceName": "ABHIAZCIUAPP61"
      }
    ],
    "validationLevel": "Template"
  }
}