NAME,RESOURCE GROUP,LOCATION,SUBSCRIPTION,APPLICATION GROUP TYPE,HOST POOL,WORKSPACE,TYPE,RESOURCE TYPE,VM Status,VM count,details
af-hp-wvd-uat-DAG,af-rg-wvd-uat,East US,AF UAT,Desktop,af-hp-wvd-uat,af-ws-wvd-uat,Application group,microsoft.desktopvirtualization/applicationgroups,1 Stopped,1,
af-php-wvd-uat-DAG,af-rg-wvd-uat,East US,AF UAT,Desktop,af-php-wvd-uat,af-ws-wvd-uat,Application group,microsoft.desktopvirtualization/applicationgroups,2 are stopped 3 deteleted,5,need to dielete disksof 3 vm's
AF-PowerBI_Reporting,af-rg-wvd-sit,East US,AF SIT,Desktop,af-wvd-pbi-sit,af-wvd-wrkspace-sit,Application group,microsoft.desktopvirtualization/applicationgroups,3 are stopped 1 is running,4,stopped bedfore 1 month 
af-wvd-dev-sit-DAG,af-rg-wvd-sit,East US,AF SIT,Desktop,af-wvd-dev-sit,af-wvd-wrkspace-sit,Application group,microsoft.desktopvirtualization/applicationgroups, 12 stopped 6 vm's running,18,mostly vm stopped before 1 moth 
af-wvd-dev2-sit-DAG,af-rg-wvd-sit,East US,AF SIT,Desktop,af-wvd-dev2-sit,af-wvd-wrkspace-sit,Application group,microsoft.desktopvirtualization/applicationgroups,22vm's stopped 21are running ,43,mostly vm stopped before 1 moth 
af-wvd-devbi-sit-DAG,af-rg-wvd-sit,East US,AF SIT,Desktop,af-wvd-devbi-sit,af-wvd-wrkspace-sit,Application group,microsoft.desktopvirtualization/applicationgroups,3stopped 3 are running ,6,mostly vm stopped before 1 moth 
af-wvd-sit-APP,af-rg-wvd-sit,East US,AF SIT,RemoteApp,af-wvd-app-sit,af-wvd-wrkspace-sit,Application group,microsoft.desktopvirtualization/applicationgroups,1 running,1,
af-wvdhp-ba-sit-DAG,af-rg-wvd-sit,East US,AF SIT,Desktop,af-wvdhp-ba-sit,af-wvd-wrkspace-sit,Application group,microsoft.desktopvirtualization/applicationgroups,3 running,3,
