Connection name,Connection state,Private endpoint,Description,,,
,afwvdstguat.aa342cd9-7475-421c-92c9-e708b283c155,Approved,af-stgwvd-privateconn-uat,Auto-Approved,,afwvdstguat
,,,,,,
,,,,,,
,,,,,,
,Connection name,Connection state,Private endpoint,Description,,
,afstguatshare.bbeeb672-dd45-429c-87a2-b2b1e92d9d0d,afstguatshare.bbeeb672-dd45-429c-87a2-b2b1e92d9d0d,Approved,af-ep-file-stgshare-uat,Auto-Approved,afstguatshare
,afstguatshare.b20768ae-b9ef-404e-9bee-19895285889a,afstguatshare.b20768ae-b9ef-404e-9bee-19895285889a,Approved,af-ep-stgshare-uat,Auto-Approved,
,,,,,,
,,,,,,
,,,,,,
,,,,,,
,Connection name,Connection state,Private endpoint,Request/Response message,,
,af-adf-uat.2764f865-fe6d-4904-a20e-8f16e1cdd253,af-adf-uat.2764f865-fe6d-4904-a20e-8f16e1cdd253,Approved,af-ep-adf-uat,Auto-Approved,af-adf-uat
,,,,,,
,,,,,,
,,,,,,
,,,,,,
,af-lganalytics-uat,,,,,
,,,,,,
,,,,,,
,,,,,,
,AzureBackup_af-int-runtime-uat_4738103467942761154,af-int-runtime-uat-OSDisk_1,,,,
,AzureBackup_af-integration-uat_4738103467406888083,af-integration-uat-OSDisk_1,,,,
,AzureBackup_af-jumphost-uat_4738103468865928943,af-jumphost-uat_OsDisk_1_75f378b6a60c4969b7db8d108a722bb0,,,,
,AzureBackup_af-pbi-gw-uat_4738103467367418094,af-pbi-gw-uat-OSDisk_1,,,,
,AzureBackup_af-print-srv-uat_4738103468842528952,af-print-srv-uat-OSDisk_1,,,,
,AzureBackup_af-sftp-uat_4738103468844851845,af-sftp-uat_OSDisk_1,,,,
