{
    "$schema": "https://schema.management.azure.com/schemas/2019-04-01/deploymentTemplate.json#",
    "contentVersion": "1.0.0.0",
    "parameters": {
        "dataCollectionRules_Microsoft_VMInsights_Health_australiasoutheast_name": {
            "defaultValue": "Microsoft-VMInsights-Health-australiasoutheast",
            "type": "String"
        },
        "workspaces_af_lganalytics_uat_externalid": {
            "defaultValue": "/subscriptions/4af2240a-4cad-463d-8d0c-8505788a0969/resourceGroups/af-rg-uat/providers/microsoft.operationalinsights/workspaces/af-lganalytics-uat",
            "type": "String"
        }
    },
    "variables": {},
    "resources": [
        {
            "type": "Microsoft.Insights/dataCollectionRules",
            "apiVersion": "2021-04-01",
            "name": "[parameters('dataCollectionRules_Microsoft_VMInsights_Health_australiasoutheast_name')]",
            "location": "australiasoutheast",
            "tags": {
                "LAB3-Application": "UAT Environment Infrastructure (Management, SFTP, Print Server)",
                "LAB3-Department": "Information Technology - TechOps",
                "LAB3-Environment": "Non-Production",
                "LAB3-Pipeline": "terraform-envs-uat"
            },
            "properties": {
                "description": "Data collection rule for VM Insights health.",
                "dataSources": {
                    "performanceCounters": [
                        {
                            "streams": [
                                "Microsoft-Perf"
                            ],
                            "samplingFrequencyInSeconds": 60,
                            "counterSpecifiers": [
                                "\\LogicalDisk(*)\\% Free Space",
                                "\\Memory\\Available Bytes",
                                "\\Processor(_Total)\\% Processor Time"
                            ],
                            "name": "VMHealthPerfCounters"
                        }
                    ],
                    "extensions": [
                        {
                            "streams": [
                                "Microsoft-HealthStateChange"
                            ],
                            "extensionName": "HealthExtension",
                            "extensionSettings": {},
                            "inputDataSources": [
                                "VMHealthPerfCounters"
                            ],
                            "name": "Microsoft-VMInsights-Health"
                        }
                    ]
                },
                "destinations": {
                    "logAnalytics": [
                        {
                            "workspaceResourceId": "[parameters('workspaces_af_lganalytics_uat_externalid')]",
                            "name": "Microsoft-HealthStateChange-Dest"
                        }
                    ]
                },
                "dataFlows": [
                    {
                        "streams": [
                            "Microsoft-HealthStateChange"
                        ],
                        "destinations": [
                            "Microsoft-HealthStateChange-Dest"
                        ]
                    }
                ]
            }
        }
    ]
}