NAME,SUBSCRIPTION,LOCATION,STATUS,TYPE,RESOURCE TYPE
af-ase-sit1,AF UAT,Australia Southeast,Succeeded,Resource group,microsoft.resources/subscriptions/resourcegroups
af-rg-datafactory-uat,AF UAT,Australia Southeast,Succeeded,Resource group,microsoft.resources/subscriptions/resourcegroups
af-rg-server-uat,AF UAT,Australia Southeast,Succeeded,Resource group,microsoft.resources/subscriptions/resourcegroups
af-rg-uat,AF UAT,Australia Southeast,Succeeded,Resource group,microsoft.resources/subscriptions/resourcegroups
AF-RG-WVD-UAT,AF UAT,Australia Southeast,Succeeded,Resource group,microsoft.resources/subscriptions/resourcegroups
AzureBackupRG_australiasoutheast_1,AF UAT,Australia Southeast,Succeeded,Resource group,microsoft.resources/subscriptions/resourcegroups
DefaultResourceGroup-ASE,AF UAT,Australia Southeast,Succeeded,Resource group,microsoft.resources/subscriptions/resourcegroups
NetworkWatcherRG,AF UAT,Australia Southeast,Succeeded,Resource group,microsoft.resources/subscriptions/resourcegroups
Powershell,AF UAT,Southeast Asia,Succeeded,Resource group,microsoft.resources/subscriptions/resourcegroups
